customer_id,customer_name,email,city,signup_date
1,Juliana Chebukati,juliana.chebukati@example.com,Isiolo,2021/7/24
2,Caroline Onyango,caroline.onyango@example.com,Kakamega,2021/10/21
3,Gabriel Cheruiyot,gabriel.cheruiyot@example.com,Narok,2023/9/6
4,Anthony Wanjiru,anthony.wanjiru@example.com,Kisii,2025/4/19
5,Susan Njoroge,susan.njoroge@example.com,Naivasha,2022/3/24
6,Naomi Chebet,naomi.chebet@example.com,Kitale,2021/3/3
7,Joy Katana,joy.katana@example.com,Naivasha,2023/1/2
8,Dorcas Mboya,dorcas.mboya@example.com,Embu,2023/11/24
9,Nyambura Ruto,nyambura.ruto@example.com,Kakamega,2024/8/20
10,Charles Sang,charles.sang@example.com,Kakamega,2022/5/30
11,Adam Kamau,adam.kamau@example.com,Kisumu,2024/5/23
12,Jennifer Cheruiyot,jennifer.cheruiyot@example.com,Mombasa,2021/4/2
13,Eric Nduta,eric.nduta@example.com,Kitale,2022/11/8
14,Eric Irungu,eric.irungu@example.com,Kitale,2023/10/29
15,Lucy Oyoo,lucy.oyoo@example.com,Garissa,2021/1/15
16,Adam Kipkemboi,adam.kipkemboi@example.com,Nairobi,2024/9/1
17,Martin Tanui,martin.tanui@example.com,Thika,2021/3/11
18,Wambui Okoth,wambui.okoth@example.com,Garissa,2025/6/20
19,Juliana Awuor,juliana.awuor@example.com,Kericho,2024/5/5
20,Gabriel Kiprotich,gabriel.kiprotich@example.com,Nyeri,2023/11/25
21,Katherine Kilonzo,katherine.kilonzo@example.com,Nakuru,2023/9/9
22,Martin Choge,martin.choge@example.com,Mombasa,2022/1/6
23,Theresa Gitonga,theresa.gitonga@example.com,Meru,2025/8/5
24,Fridah Kirui,fridah.kirui@example.com,Voi,2023/5/24
25,Jane Makori,jane.makori@example.com,Kisii,2020/12/27
26,Sandra Kiprono,sandra.kiprono@example.com,Kisumu,2024/7/25
27,Dorcas Kilonzo,dorcas.kilonzo@example.com,Kisii,2023/10/10
28,Maureen Mbugua,maureen.mbugua@example.com,Voi,2024/6/1
29,Abdi Kamau,abdi.kamau@example.com,Mombasa,2021/9/25
30,Florence Ouma,florence.ouma@example.com,Nyeri,2020/10/25
31,Elijah Kiplagat,elijah.kiplagat@example.com,Meru,2024/1/8
32,Sandra Koech,sandra.koech@example.com,Eldoret,2024/12/11
33,Jennifer Karanja,jennifer.karanja@example.com,Kitale,2021/2/27
34,Wanja Cheruiyot,wanja.cheruiyot@example.com,Machakos,2021/8/21
35,Wairimu Onyango,wairimu.onyango@example.com,Voi,2022/1/28
36,Wanjiku Awuor,wanjiku.awuor@example.com,Voi,2025/5/29
37,John Were,john.were@example.com,Kitale,2024/7/10
38,Eric Kagiri,eric.kagiri@example.com,Busia,2022/8/3
39,Wanja Kihiu,wanja.kihiu@example.com,Kitale,2024/12/18
40,Ann Kosgey,ann.kosgey@example.com,Eldoret,2025/2/27
41,Joshua Muriithi,joshua.muriithi@example.com,Kisumu,2023/7/15
42,Samantha Kilonzo,samantha.kilonzo@example.com,Naivasha,2021/1/10
43,Juliana Mwangi,juliana.mwangi@example.com,Nakuru,2023/3/7
44,Ann Kipkorir,ann.kipkorir@example.com,Kakamega,2025/6/6
45,Ann Ngugi,ann.ngugi@example.com,Kisumu,2022/8/21
46,Keziah Muriithi,keziah.muriithi@example.com,Narok,2025/1/14
47,Sarah Makori,sarah.makori@example.com,Narok,2024/1/25
48,Winnie Ndwiga,winnie.ndwiga@example.com,Kitale,2025/1/24
49,Sylvia Njuguna,sylvia.njuguna@example.com,Nyeri,2020/11/22
50,Michael Cheruiyot,michael.cheruiyot@example.com,Kisii,2025/2/13
51,Christine Kihara,christine.kihara@example.com,Embu,2023/6/24
52,Theresa Chebukati,theresa.chebukati@example.com,Kakamega,2022/9/21
53,Sylvia Kimani,sylvia.kimani@example.com,Busia,2022/10/31
54,Keziah Chebukati,keziah.chebukati@example.com,Kericho,2021/10/8
55,Charles Wambui,charles.wambui@example.com,Voi,2024/6/7
56,Martin Waweru,martin.waweru@example.com,Kitale,2021/3/17
57,Irene Wairimu,irene.wairimu@example.com,Narok,2022/5/20
58,Nyambura Chege,nyambura.chege@example.com,Kakamega,2024/9/22
59,Joy Njoroge,joy.njoroge@example.com,Kisumu,2021/3/10
60,Gideon Kimani,gideon.kimani@example.com,Kisii,2021/8/4
61,Fridah Cherono,fridah.cherono@example.com,Kitale,2024/9/19
62,Keziah Muriuki,keziah.muriuki@example.com,Eldoret,2024/11/15
63,Faith Ndirangu,faith.ndirangu@example.com,Kitale,2022/7/3
64,Charles Chebukati,charles.chebukati@example.com,Naivasha,2021/4/29
65,Alex Kilonzo,alex.kilonzo@example.com,Kisumu,2020/10/3
66,Alfred Okello,alfred.okello@example.com,Machakos,2023/3/22
67,Chris Cheruiyot,chris.cheruiyot@example.com,Naivasha,2024/12/30
68,Kennedy Oyoo,kennedy.oyoo@example.com,Kisii,2021/4/20
69,Gloria Onyango,gloria.onyango@example.com,Eldoret,2021/3/20
70,Tracy Mumo,tracy.mumo@example.com,Thika,2023/2/22
71,Daisy Gichuki,daisy.gichuki@example.com,Embu,2023/11/7
72,Salome Wafula,salome.wafula@example.com,Busia,2023/8/8
73,Florence Wekesa,florence.wekesa@example.com,Kericho,2021/4/22
74,Abdi Kipkorir,abdi.kipkorir@example.com,Nairobi,2021/3/25
75,Beatrice Kagwe,beatrice.kagwe@example.com,Naivasha,2023/11/2
76,Keziah Gitonga,keziah.gitonga@example.com,Kisumu,2024/1/28
77,Naomi Wambui,naomi.wambui@example.com,Narok,2025/2/15
78,Achieng Gichuki,achieng.gichuki@example.com,Nyeri,2025/7/27
79,Alex Mumo,alex.mumo@example.com,Kitale,2020/10/18
80,Benjamin Amadi,benjamin.amadi@example.com,Machakos,2023/1/18
81,Wambui Otieno,wambui.otieno@example.com,Kitale,2025/2/4
82,Janet Oyugi,janet.oyugi@example.com,Kisumu,2024/10/16
83,Vivian Makori,vivian.makori@example.com,Busia,2022/2/2
84,Joan Kihara,joan.kihara@example.com,Voi,2023/8/26
85,Catherine Kirui,catherine.kirui@example.com,Thika,2024/7/27
86,Kennedy Kirui,kennedy.kirui@example.com,Kitale,2021/9/5
87,Ann Wanjiru,ann.wanjiru@example.com,Eldoret,2022/3/27
88,Moses Mboya,moses.mboya@example.com,Machakos,2022/3/26
89,Caroline Mbugua,caroline.mbugua@example.com,Garissa,2021/7/18
90,Catherine Macharia,catherine.macharia@example.com,Kisumu,2021/8/31
91,Sarah Owino,sarah.owino@example.com,Kericho,2022/4/11
92,Waceke Oyugi,waceke.oyugi@example.com,Kericho,2022/5/29
93,Andrew Njagi,andrew.njagi@example.com,Garissa,2025/2/11
94,Wambui Kiprono,wambui.kiprono@example.com,Kisumu,2022/10/2
95,Salome Kipkorir,salome.kipkorir@example.com,Kisii,2022/2/10
96,Juliana Sang,juliana.sang@example.com,Garissa,2024/1/22
97,Gideon Ngugi,gideon.ngugi@example.com,Narok,2021/10/28
98,Lawrence Ndambi,lawrence.ndambi@example.com,Embu,2021/4/30
99,Adam Kilonzo,adam.kilonzo@example.com,Eldoret,2022/6/8
100,Jane Kiprono,jane.kiprono@example.com,Nairobi,2022/12/12
101,Cecilia Mutua,cecilia.mutua@example.com,Nyeri,2025/6/12
102,Vivian Ndirangu,vivian.ndirangu@example.com,Narok,2022/11/10
103,Naomi Gachara,naomi.gachara@example.com,Nyeri,2023/3/13
104,Alex Wanjiru,alex.wanjiru@example.com,Nyeri,2023/2/21
105,Gabriel Gitau,gabriel.gitau@example.com,Narok,2021/6/28
106,Cecilia Mutiso,cecilia.mutiso@example.com,Machakos,2022/7/11
107,Chris Ndungu,chris.ndungu@example.com,Narok,2024/8/16
108,Salome Njoroge,salome.njoroge@example.com,Meru,2023/6/1
109,Ann Macharia,ann.macharia@example.com,Nyeri,2021/9/21
110,Hellen Njuguna,hellen.njuguna@example.com,Kitale,2022/7/8
111,Beatrice Ndwiga,beatrice.ndwiga@example.com,Machakos,2024/11/6
112,Alex Njuguna,alex.njuguna@example.com,Garissa,2023/12/16
113,Charles Kagiri,charles.kagiri@example.com,Kakamega,2022/7/22
114,Christine Cheruiyot,christine.cheruiyot@example.com,Kitale,2022/4/20
115,Lydia Chebukati,lydia.chebukati@example.com,Kitale,2022/10/10
116,Henry Mbugua,henry.mbugua@example.com,Nakuru,2023/11/21
117,Moses Mbugua,moses.mbugua@example.com,Meru,2024/1/18
118,Keziah Waweru,keziah.waweru@example.com,Busia,2021/9/26
119,Fridah Gichuki,fridah.gichuki@example.com,Busia,2020/11/17
120,Deborah Bett,deborah.bett@example.com,Embu,2024/9/12
121,Martin Wanjiru,martin.wanjiru@example.com,Meru,2023/3/9
122,Faith Gachara,faith.gachara@example.com,Machakos,2025/5/22
123,Brenda Were,brenda.were@example.com,Kisumu,2025/4/27
124,Kennedy Sang,kennedy.sang@example.com,Kericho,2024/7/2
125,Joy Kamau,joy.kamau@example.com,Garissa,2021/7/5
126,Florence Kosgey,florence.kosgey@example.com,Machakos,2022/1/31
127,Moses Were,moses.were@example.com,Kisii,2024/6/2
128,Abdul Njuguna,abdul.njuguna@example.com,Eldoret,2024/9/26
129,Jennifer Onyango,jennifer.onyango@example.com,Kericho,2025/2/25
130,Joshua Achieng,joshua.achieng@example.com,Kitale,2021/2/21
131,Florence Onyango,florence.onyango@example.com,Embu,2024/1/30
132,Henry Nduta,henry.nduta@example.com,Garissa,2023/12/29
133,Eric Moraa,eric.moraa@example.com,Kitale,2023/9/22
134,Esther Gachara,esther.gachara@example.com,Isiolo,2025/8/9
135,Abdul Makori,abdul.makori@example.com,Kericho,2023/10/11
136,Kevin Chege,kevin.chege@example.com,Mombasa,2025/2/28
137,Lawrence Kiplagat,lawrence.kiplagat@example.com,Naivasha,2024/8/29
138,Kennedy Mboya,kennedy.mboya@example.com,Busia,2024/1/22
139,Esther Gichuki,esther.gichuki@example.com,Kisumu,2021/5/4
140,Gabriel Katana,gabriel.katana@example.com,Kakamega,2024/5/31
141,Eric Gachara,eric.gachara@example.com,Naivasha,2021/8/29
142,Achieng Njagi,achieng.njagi@example.com,Narok,2020/12/22
143,Joy Ndwiga,joy.ndwiga@example.com,Voi,2024/5/6
144,Cynthia Njagi,cynthia.njagi@example.com,Kitale,2024/12/12
145,Maureen Kibet,maureen.kibet@example.com,Nyeri,2025/3/11
146,Catherine Cherono,catherine.cherono@example.com,Kericho,2021/4/27
147,Kennedy Kihara,kennedy.kihara@example.com,Nairobi,2021/4/12
148,Elijah Njagi,elijah.njagi@example.com,Kisii,2021/12/21
149,Keziah Makori,keziah.makori@example.com,Isiolo,2024/11/30
150,Joan Gichuki,joan.gichuki@example.com,Isiolo,2023/11/9
151,Gideon Kiplagat,gideon.kiplagat@example.com,Voi,2024/8/1
152,Katherine Maina,katherine.maina@example.com,Voi,2021/12/19
153,Kevin Muriuki,kevin.muriuki@example.com,Embu,2022/10/29
154,Wanjiru Mutiso,wanjiru.mutiso@example.com,Kitale,2023/4/29
155,Naomi Kirui,naomi.kirui@example.com,Voi,2024/8/7
156,Naomi Tapia,naomi.tapia@example.com,Isiolo,2021/7/28
157,Bernice Kihiu,bernice.kihiu@example.com,Naivasha,2020/11/12
158,Winnie Gitonga,winnie.gitonga@example.com,Garissa,2021/4/25
159,Winnie Mumo,winnie.mumo@example.com,Machakos,2023/1/22
160,Salome Kirui,salome.kirui@example.com,Kisumu,2021/5/18
161,Naomi Moraa,naomi.moraa@example.com,Eldoret,2022/9/6
162,Andrew Kagwe,andrew.kagwe@example.com,Machakos,2022/8/26
163,Naomi Kagiri,naomi.kagiri@example.com,Embu,2025/2/15
164,Benjamin Wairimu,benjamin.wairimu@example.com,Meru,2023/8/26
165,Alfred Chebet,alfred.chebet@example.com,Garissa,2022/9/6
166,Eunice Gitau,eunice.gitau@example.com,Garissa,2021/4/10
167,Samantha Mutahi,samantha.mutahi@example.com,Embu,2024/10/10
168,Joshua Oduor,joshua.oduor@example.com,Embu,2022/7/8
169,Moses Choge,moses.choge@example.com,Kisumu,2022/5/30
170,Esther Kipkorir,esther.kipkorir@example.com,Mombasa,2025/4/9
171,Maureen Wambui,maureen.wambui@example.com,Nakuru,2020/11/8
172,Brenda Mwangi,brenda.mwangi@example.com,Nyeri,2024/5/12
173,Nancy Awuor,nancy.awuor@example.com,Nakuru,2024/7/10
174,Irene Ndwiga,irene.ndwiga@example.com,Thika,2024/11/17
175,Nancy Ngugi,nancy.ngugi@example.com,Kakamega,2023/8/15
176,Susan Kiptum,susan.kiptum@example.com,Thika,2023/10/28
177,Kevin Keter,kevin.keter@example.com,Thika,2022/8/1
178,Florence Tanui,florence.tanui@example.com,Busia,2023/2/13
179,Josephine Mboya,josephine.mboya@example.com,Embu,2022/1/10
180,Jane Achieng,jane.achieng@example.com,Kitale,2024/4/4
181,George Makori,george.makori@example.com,Thika,2021/10/9
182,Faith Wairimu,faith.wairimu@example.com,Kericho,2022/12/12
183,Bernard Awuor,bernard.awuor@example.com,Nairobi,2024/11/11
184,Hellen Wambui,hellen.wambui@example.com,Narok,2025/9/5
185,Agnes Mutiso,agnes.mutiso@example.com,Meru,2023/4/1
186,Eric Macharia,eric.macharia@example.com,Voi,2023/2/19
187,Aisha Kirui,aisha.kirui@example.com,Kitale,2020/10/2
188,Anthony Njoroge,anthony.njoroge@example.com,Meru,2021/11/18
189,Betty Gichuki,betty.gichuki@example.com,Kisii,2024/12/11
190,Joy Mutiso,joy.mutiso@example.com,Kisumu,2023/12/19
191,Njeri Chebukati,njeri.chebukati@example.com,Nakuru,2025/3/18
192,Nyambura Kipkemboi,nyambura.kipkemboi@example.com,Busia,2021/10/10
193,Hellen Oduor,hellen.oduor@example.com,Naivasha,2022/7/22
194,Gideon Okoth,gideon.okoth@example.com,Meru,2023/4/18
195,Judith Otieno,judith.otieno@example.com,Nakuru,2022/3/14
196,David Wairimu,david.wairimu@example.com,Garissa,2023/9/8
197,Esther Waweru,esther.waweru@example.com,Nyeri,2024/1/28
198,Abdi Ouma,abdi.ouma@example.com,Kitale,2024/2/26
199,Joshua Mbugua,joshua.mbugua@example.com,Kitale,2024/1/8
200,Isaac Mutiso,isaac.mutiso@example.com,Nakuru,2022/9/5
201,Bernard Wambui,bernard.wambui@example.com,Naivasha,2025/6/20
202,Alfred Kipkemboi,alfred.kipkemboi@example.com,Embu,2024/3/10
203,Michael Ngugi,michael.ngugi@example.com,Thika,2025/4/16
204,Judith Cheruiyot,judith.cheruiyot@example.com,Machakos,2024/3/4
205,Jane Chebet,jane.chebet@example.com,Voi,2021/3/15
206,Brenda Choge,brenda.choge@example.com,Eldoret,2022/6/26
207,Gideon Makori,gideon.makori@example.com,Nakuru,2022/1/24
208,Jessica Irungu,jessica.irungu@example.com,Machakos,2021/5/20
209,Cynthia Mutua,cynthia.mutua@example.com,Thika,2022/10/27
210,Charity Mboya,charity.mboya@example.com,Eldoret,2023/8/5
211,Michael Katana,michael.katana@example.com,Kitale,2023/1/27
212,Mercy Karanja,mercy.karanja@example.com,Narok,2021/7/2
213,Lucas Koech,lucas.koech@example.com,Voi,2022/11/17
214,Jessica Kagiri,jessica.kagiri@example.com,Kericho,2021/10/8
215,Katherine Mwangi,katherine.mwangi@example.com,Garissa,2024/4/16
216,Gloria Cherono,gloria.cherono@example.com,Busia,2024/8/13
217,Wairimu Kilonzo,wairimu.kilonzo@example.com,Thika,2023/11/3
218,Mabel Omondi,mabel.omondi@example.com,Thika,2023/6/22
219,Josephine Njuguna,josephine.njuguna@example.com,Machakos,2021/7/7
220,Susan Mumo,susan.mumo@example.com,Thika,2022/6/29
221,Abdi Mwangi,abdi.mwangi@example.com,Embu,2024/3/14
222,John Okoth,john.okoth@example.com,Mombasa,2025/7/31
223,Bernard Kihiu,bernard.kihiu@example.com,Naivasha,2020/10/12
224,Abdul Wekesa,abdul.wekesa@example.com,Garissa,2021/6/29
225,David Chebukati,david.chebukati@example.com,Meru,2025/4/19
226,Wambui Mumo,wambui.mumo@example.com,Kitale,2023/11/17
227,Abdi Kiplagat,abdi.kiplagat@example.com,Isiolo,2024/5/22
228,Joan Omondi,joan.omondi@example.com,Garissa,2023/1/8
229,Caroline Mboya,caroline.mboya@example.com,Garissa,2023/1/22
230,Chris Awuor,chris.awuor@example.com,Embu,2023/6/20
231,Sandra Kiprotich,sandra.kiprotich@example.com,Thika,2021/3/11
232,Gloria Wanjiru,gloria.wanjiru@example.com,Voi,2020/11/25
233,Salome Cheruiyot,salome.cheruiyot@example.com,Kakamega,2022/5/14
234,Andrew Njoroge,andrew.njoroge@example.com,Mombasa,2022/4/8
235,Catherine Oloo,catherine.oloo@example.com,Kakamega,2023/9/29
236,Hellen Kilonzo,hellen.kilonzo@example.com,Machakos,2021/9/2
237,Abdul Mutahi,abdul.mutahi@example.com,Embu,2023/11/25
238,Winnie Cherono,winnie.cherono@example.com,Garissa,2023/10/23
239,Wambui Sang,wambui.sang@example.com,Isiolo,2021/5/12
240,Katherine Ndirangu,katherine.ndirangu@example.com,Voi,2021/5/14
241,Michael Gitau,michael.gitau@example.com,Kisii,2025/1/27
242,Brian Onyango,brian.onyango@example.com,Busia,2025/5/6
243,Wanja Kagwe,wanja.kagwe@example.com,Naivasha,2023/10/8
244,Elijah Mutahi,elijah.mutahi@example.com,Mombasa,2024/12/27
245,Benjamin Gitonga,benjamin.gitonga@example.com,Embu,2023/10/16
246,Njeri Achieng,njeri.achieng@example.com,Meru,2023/2/10
247,Mercy Tanui,mercy.tanui@example.com,Nakuru,2024/11/8
248,Maureen Oyugi,maureen.oyugi@example.com,Kakamega,2022/5/25
249,Sarah Kilonzo,sarah.kilonzo@example.com,Mombasa,2023/4/2
250,Lois Kamau,lois.kamau@example.com,Kisii,2022/9/6
251,Alfred Wanjohi,alfred.wanjohi@example.com,Kisumu,2023/3/11
252,Vivian Owino,vivian.owino@example.com,Nakuru,2025/1/28
253,David Ngetich,david.ngetich@example.com,Kakamega,2021/11/26
254,Hellen Kipkemboi,hellen.kipkemboi@example.com,Voi,2024/8/4
255,Wairimu Kiptoo,wairimu.kiptoo@example.com,Naivasha,2025/7/22
256,Lucas Kihiu,lucas.kihiu@example.com,Narok,2024/4/10
257,Alex Mboya,alex.mboya@example.com,Kericho,2021/8/28
258,Catherine Mumo,catherine.mumo@example.com,Narok,2021/7/5
259,Abdul Awuor,abdul.awuor@example.com,Meru,2025/4/16
260,Waceke Wairimu,waceke.wairimu@example.com,Meru,2025/3/30
261,Janet Waweru,janet.waweru@example.com,Mombasa,2023/12/4
262,Joshua Mboya,joshua.mboya@example.com,Naivasha,2023/9/18
263,Lucas Ndwiga,lucas.ndwiga@example.com,Kisii,2024/1/28
264,Keziah Mboya,keziah.mboya@example.com,Busia,2021/9/2
265,Wanjiru Kagwe,wanjiru.kagwe@example.com,Nyeri,2024/9/3
266,Alfred Karanja,alfred.karanja@example.com,Machakos,2022/5/8
267,Deborah Karanja,deborah.karanja@example.com,Voi,2022/3/24
268,Benjamin Wanjohi,benjamin.wanjohi@example.com,Isiolo,2024/7/15
269,Benjamin Kipkemboi,benjamin.kipkemboi@example.com,Nakuru,2021/6/27
270,Kevin Kilonzo,kevin.kilonzo@example.com,Kericho,2021/1/22
271,Susan Karanja,susan.karanja@example.com,Kisii,2025/8/3
272,Achieng Ndambi,achieng.ndambi@example.com,Eldoret,2024/8/29
273,Vanessa Kiprono,vanessa.kiprono@example.com,Eldoret,2022/2/16
274,Jane Were,jane.were@example.com,Eldoret,2024/9/18
275,Mercy Kamau,mercy.kamau@example.com,Nyeri,2025/5/16
276,Martin Macharia,martin.macharia@example.com,Kakamega,2024/12/30
277,Brenda Otieno,brenda.otieno@example.com,Kitale,2023/6/22
278,Waceke Amadi,waceke.amadi@example.com,Eldoret,2023/12/19
279,Kennedy Mugo,kennedy.mugo@example.com,Kisii,2024/3/31
280,Kennedy Gitonga,kennedy.gitonga@example.com,Kericho,2022/10/31
281,John Kiprono,john.kiprono@example.com,Embu,2021/2/24
282,Cecilia Kilonzo,cecilia.kilonzo@example.com,Kisumu,2022/12/27
283,Charles Tanui,charles.tanui@example.com,Isiolo,2024/12/6
284,Theresa Cherono,theresa.cherono@example.com,Kisii,2024/8/15
285,Nancy Omollo,nancy.omollo@example.com,Naivasha,2023/4/12
286,Deborah Ndwiga,deborah.ndwiga@example.com,Garissa,2022/7/25
287,Naomi Mutahi,naomi.mutahi@example.com,Voi,2020/9/28
288,Wairimu Wairimu,wairimu.wairimu@example.com,Kisumu,2024/10/28
289,Jennifer Kimani,jennifer.kimani@example.com,Embu,2024/4/15
290,Lucy Koech,lucy.koech@example.com,Naivasha,2025/6/30
291,Zainab Kiptoo,zainab.kiptoo@example.com,Kisumu,2025/3/10
292,Brenda Kagwe,brenda.kagwe@example.com,Busia,2022/12/16
293,Gabriel Muriuki,gabriel.muriuki@example.com,Meru,2023/2/19
294,Joan Ndambi,joan.ndambi@example.com,Meru,2023/7/3
295,John Wanjohi,john.wanjohi@example.com,Kisii,2022/7/16
296,Wambui Mbugua,wambui.mbugua@example.com,Machakos,2022/8/15
297,Joan Ngetich,joan.ngetich@example.com,Busia,2023/12/20
298,Adam Tanui,adam.tanui@example.com,Eldoret,2023/11/26
299,Jessica Kihiu,jessica.kihiu@example.com,Garissa,2025/2/23
300,Faith Omondi,faith.omondi@example.com,Nyeri,2024/7/21
301,Josephine Kipkorir,josephine.kipkorir@example.com,Mombasa,2020/12/26
302,Jennifer Tapia,jennifer.tapia@example.com,Nakuru,2024/3/28
303,Winnie Kihiu,winnie.kihiu@example.com,Embu,2020/10/26
304,Susan Gitau,susan.gitau@example.com,Nakuru,2025/7/15
305,Susan Njagi,susan.njagi@example.com,Thika,2023/3/15
306,Cecilia Waweru,cecilia.waweru@example.com,Embu,2020/9/24
307,Jessica Kiprono,jessica.kiprono@example.com,Kericho,2021/11/11
308,Grace Otieno,grace.otieno@example.com,Eldoret,2025/9/3
309,Wanja Kiprotich,wanja.kiprotich@example.com,Machakos,2021/8/14
310,Eunice Gitonga,eunice.gitonga@example.com,Kisii,2021/4/2
311,Gabriel Gachara,gabriel.gachara@example.com,Naivasha,2022/2/17
312,Lucas Awuor,lucas.awuor@example.com,Kisumu,2022/10/24
313,Wanja Wanjohi,wanja.wanjohi@example.com,Thika,2021/1/7
314,Bernard Wairimu,bernard.wairimu@example.com,Kitale,2024/3/27
315,Wairimu Ngetich,wairimu.ngetich@example.com,Machakos,2024/10/18
316,Waceke Karanja,waceke.karanja@example.com,Kakamega,2023/2/19
317,Jennifer Mwangi,jennifer.mwangi@example.com,Kisumu,2024/9/3
318,Martin Gachara,martin.gachara@example.com,Nakuru,2020/9/25
319,Daisy Wambui,daisy.wambui@example.com,Meru,2023/5/27
320,Jennifer Wafula,jennifer.wafula@example.com,Kisumu,2021/6/21
321,Lucy Wanjohi,lucy.wanjohi@example.com,Voi,2021/12/30
322,Wanja Maina,wanja.maina@example.com,Isiolo,2024/7/16
323,Victoria Kibet,victoria.kibet@example.com,Embu,2020/10/12
324,Njeri Muriuki,njeri.muriuki@example.com,Nairobi,2024/8/17
325,Juliana Kibet,juliana.kibet@example.com,Nyeri,2025/4/23
326,Janet Oyoo,janet.oyoo@example.com,Nakuru,2025/7/20
327,Michael Mburu,michael.mburu@example.com,Kericho,2024/8/14
328,Christine Wanjohi,christine.wanjohi@example.com,Eldoret,2023/5/29
329,Chris Okoth,chris.okoth@example.com,Kisumu,2022/1/4
330,Nancy Gachara,nancy.gachara@example.com,Kitale,2021/3/24
331,Beatrice Kipkorir,beatrice.kipkorir@example.com,Nakuru,2021/4/22
332,Daniel Wambui,daniel.wambui@example.com,Nyeri,2022/10/15
333,Charles Koech,charles.koech@example.com,Machakos,2021/6/30
334,Aisha Gitonga,aisha.gitonga@example.com,Kitale,2025/1/24
335,Isaac Moraa,isaac.moraa@example.com,Eldoret,2024/4/28
336,Henry Sang,henry.sang@example.com,Eldoret,2021/2/10
337,Susan Mburu,susan.mburu@example.com,Isiolo,2023/11/20
338,Catherine Kagiri,catherine.kagiri@example.com,Nairobi,2024/2/24
339,Abdi Njoroge,abdi.njoroge@example.com,Thika,2023/3/13
340,Kevin Kipkorir,kevin.kipkorir@example.com,Naivasha,2024/10/11
341,Bernard Wanjiru,bernard.wanjiru@example.com,Meru,2024/4/1
342,Eunice Koech,eunice.koech@example.com,Eldoret,2023/1/14
343,Nyambura Were,nyambura.were@example.com,Narok,2024/7/30
344,Kennedy Kagiri,kennedy.kagiri@example.com,Embu,2025/7/20
345,Hellen Irungu,hellen.irungu@example.com,Meru,2021/3/19
346,Sylvia Koech,sylvia.koech@example.com,Nakuru,2021/7/6
347,Moses Oyoo,moses.oyoo@example.com,Nakuru,2024/1/13
348,Nyambura Ndirangu,nyambura.ndirangu@example.com,Kitale,2022/9/12
349,Achieng Kibet,achieng.kibet@example.com,Kericho,2022/6/29
350,Sylvia Mumo,sylvia.mumo@example.com,Eldoret,2022/2/12
351,Bernice Tapia,bernice.tapia@example.com,Kisii,2024/5/5
352,Sharon Kihiu,sharon.kihiu@example.com,Kisumu,2022/2/13
353,Lucas Kipkemboi,lucas.kipkemboi@example.com,Busia,2024/2/5
354,Jennifer Kirui,jennifer.kirui@example.com,Narok,2024/10/8
355,Aisha Wanjohi,aisha.wanjohi@example.com,Narok,2022/4/29
356,Daniel Ndwiga,daniel.ndwiga@example.com,Nairobi,2025/6/25
357,Vivian Kiptum,vivian.kiptum@example.com,Machakos,2021/11/17
358,Charity Mumo,charity.mumo@example.com,Isiolo,2024/2/17
359,Kennedy Otieno,kennedy.otieno@example.com,Isiolo,2021/10/14
360,Christine Wairimu,christine.wairimu@example.com,Kitale,2022/5/21
361,Wairimu Mutahi,wairimu.mutahi@example.com,Mombasa,2025/2/14
362,Adan Gitau,adan.gitau@example.com,Kakamega,2023/7/3
363,Adan Kiptum,adan.kiptum@example.com,Kitale,2021/5/11
364,Anthony Muriuki,anthony.muriuki@example.com,Kakamega,2023/7/13
365,Elijah Oyugi,elijah.oyugi@example.com,Narok,2021/2/15
366,Sandra Gichuki,sandra.gichuki@example.com,Isiolo,2025/9/17
367,Gideon Ndwiga,gideon.ndwiga@example.com,Nairobi,2022/10/2
368,Tracy Wafula,tracy.wafula@example.com,Nyeri,2021/6/20
369,Eunice Ruto,eunice.ruto@example.com,Kitale,2025/7/21
370,Wanjiku Katana,wanjiku.katana@example.com,Voi,2023/2/1
371,Sandra Njoroge,sandra.njoroge@example.com,Naivasha,2023/10/16
372,Alfred Njagi,alfred.njagi@example.com,Thika,2025/1/2
373,Njeri Kagwe,njeri.kagwe@example.com,Garissa,2025/1/17
374,Dennis Mutiso,dennis.mutiso@example.com,Kisumu,2020/10/27
375,Kevin Okoth,kevin.okoth@example.com,Voi,2021/2/8
376,Adam Karanja,adam.karanja@example.com,Nairobi,2022/3/13
377,Lydia Kiplagat,lydia.kiplagat@example.com,Meru,2020/12/13
378,Brenda Waweru,brenda.waweru@example.com,Mombasa,2025/2/25
379,Mabel Bett,mabel.bett@example.com,Kitale,2023/7/27
380,Jennifer Chege,jennifer.chege@example.com,Machakos,2024/4/2
381,George Oduor,george.oduor@example.com,Isiolo,2025/1/11
382,Sarah Achieng,sarah.achieng@example.com,Kericho,2023/2/7
383,Jennifer Mburu,jennifer.mburu@example.com,Kitale,2021/3/10
384,Daisy Wanjohi,daisy.wanjohi@example.com,Busia,2023/9/29
385,Ann Mutua,ann.mutua@example.com,Narok,2021/8/1
386,Vanessa Cherono,vanessa.cherono@example.com,Kisii,2021/3/13
387,Mercy Kimani,mercy.kimani@example.com,Machakos,2021/3/3
388,Nyambura Ngetich,nyambura.ngetich@example.com,Isiolo,2021/11/13
389,Salome Oyugi,salome.oyugi@example.com,Eldoret,2023/9/26
390,Lydia Gichuki,lydia.gichuki@example.com,Nyeri,2022/12/2
391,Janet Kihara,janet.kihara@example.com,Voi,2024/4/14
392,Catherine Keter,catherine.keter@example.com,Kisumu,2022/6/20
393,Caroline Kilonzo,caroline.kilonzo@example.com,Kericho,2024/10/26
394,Joan Moraa,joan.moraa@example.com,Kakamega,2021/1/19
395,Lucy Kagiri,lucy.kagiri@example.com,Kakamega,2021/3/18
396,Joseph Tapia,joseph.tapia@example.com,Kericho,2021/5/18
397,Faith Amadi,faith.amadi@example.com,Embu,2024/2/28
398,Wambui Wairimu,wambui.wairimu@example.com,Narok,2021/1/13
399,Chris Ngugi,chris.ngugi@example.com,Machakos,2024/6/18
400,Dennis Muriithi,dennis.muriithi@example.com,Thika,2021/5/25
401,Josephine Kiptoo,josephine.kiptoo@example.com,Nairobi,2024/9/11
402,Sarah Chege,sarah.chege@example.com,Eldoret,2024/8/29
403,Miriam Onyango,miriam.onyango@example.com,Nairobi,2021/8/24
404,Joshua Ruto,joshua.ruto@example.com,Garissa,2022/9/3
405,Wanjiru Gichuki,wanjiru.gichuki@example.com,Isiolo,2023/8/18
406,Vanessa Muriithi,vanessa.muriithi@example.com,Kisii,2021/8/30
407,Keziah Kiplagat,keziah.kiplagat@example.com,Naivasha,2021/6/9
408,Samantha Omollo,samantha.omollo@example.com,Kisii,2024/11/2
409,Nancy Mugo,nancy.mugo@example.com,Nakuru,2025/1/19
410,Abdi Mumo,abdi.mumo@example.com,Nairobi,2022/8/10
411,Zainab Nduta,zainab.nduta@example.com,Kericho,2022/4/3
412,Cecilia Gachara,cecilia.gachara@example.com,Isiolo,2021/1/31
413,Susan Gichuki,susan.gichuki@example.com,Kisii,2024/9/20
414,Salome Kiprono,salome.kiprono@example.com,Voi,2024/3/31
415,Caroline Kibet,caroline.kibet@example.com,Kisumu,2023/7/6
416,Bernice Gitau,bernice.gitau@example.com,Embu,2023/8/5
417,George Macharia,george.macharia@example.com,Naivasha,2021/1/14
418,Miriam Gachara,miriam.gachara@example.com,Garissa,2025/7/18
419,Lucas Ndambi,lucas.ndambi@example.com,Voi,2021/8/30
420,Cynthia Kibet,cynthia.kibet@example.com,Naivasha,2021/8/11
421,John Mburu,john.mburu@example.com,Kisii,2025/1/23
422,Joseph Wanjiru,joseph.wanjiru@example.com,Nakuru,2023/12/12
423,Mabel Kiptum,mabel.kiptum@example.com,Nakuru,2022/1/3
424,Andrew Wafula,andrew.wafula@example.com,Isiolo,2020/9/28
425,Joan Sang,joan.sang@example.com,Mombasa,2025/7/17
426,Elijah Kihiu,elijah.kihiu@example.com,Nairobi,2022/2/5
427,Jennifer Kiprotich,jennifer.kiprotich@example.com,Mombasa,2023/5/17
428,George Keter,george.keter@example.com,Naivasha,2022/11/16
429,Wambui Okello,wambui.okello@example.com,Eldoret,2021/9/24
430,Victoria Gachara,victoria.gachara@example.com,Mombasa,2023/10/30
431,George Mboya,george.mboya@example.com,Kericho,2021/12/26
432,Lilian Wafula,lilian.wafula@example.com,Nyeri,2022/2/13
433,Samantha Wekesa,samantha.wekesa@example.com,Kericho,2024/10/7
434,Cynthia Kagiri,cynthia.kagiri@example.com,Nyeri,2022/4/1
435,Elijah Chege,elijah.chege@example.com,Kisumu,2023/12/7
436,Deborah Otieno,deborah.otieno@example.com,Naivasha,2021/5/25
437,Janet Kiprotich,janet.kiprotich@example.com,Isiolo,2024/7/2
438,Sharon Chebet,sharon.chebet@example.com,Mombasa,2021/9/25
439,Cynthia Kamau,cynthia.kamau@example.com,Kakamega,2025/3/28
440,Anthony Ndambi,anthony.ndambi@example.com,Isiolo,2020/12/26
441,Adam Gitau,adam.gitau@example.com,Kitale,2021/2/11
442,Abdi Koech,abdi.koech@example.com,Embu,2025/8/1
443,Charity Chege,charity.chege@example.com,Machakos,2025/1/24
444,Lois Amadi,lois.amadi@example.com,Machakos,2022/7/25
445,Lucas Chebukati,lucas.chebukati@example.com,Kisumu,2023/10/30
446,Alfred Oduor,alfred.oduor@example.com,Embu,2020/10/9
447,David Bett,david.bett@example.com,Naivasha,2021/11/7
448,Nyambura Mbugua,nyambura.mbugua@example.com,Machakos,2023/11/21
449,Lilian Waweru,lilian.waweru@example.com,Machakos,2024/11/15
450,Hellen Nduta,hellen.nduta@example.com,Narok,2022/2/1
451,Caroline Gitau,caroline.gitau@example.com,Embu,2022/10/17
452,Mercy Sang,mercy.sang@example.com,Voi,2023/6/30
453,Lucy Ngugi,lucy.ngugi@example.com,Meru,2024/11/1
454,Samantha Oyoo,samantha.oyoo@example.com,Busia,2024/12/28
455,Moses Kihiu,moses.kihiu@example.com,Kakamega,2021/7/28
456,John Wambui,john.wambui@example.com,Nairobi,2023/1/10
457,Dennis Okoth,dennis.okoth@example.com,Nairobi,2022/1/13
458,Sandra Kagiri,sandra.kagiri@example.com,Busia,2022/9/2
459,Gloria Kipkorir,gloria.kipkorir@example.com,Nairobi,2022/8/10
460,Caroline Mutua,caroline.mutua@example.com,Nairobi,2024/12/25
461,Salome Okoth,salome.okoth@example.com,Kitale,2025/6/27
462,Faith Wanjohi,faith.wanjohi@example.com,Machakos,2021/4/23
463,Wanjiru Kihiu,wanjiru.kihiu@example.com,Meru,2023/9/13
464,Henry Waweru,henry.waweru@example.com,Kakamega,2023/1/30
465,Waceke Tanui,waceke.tanui@example.com,Garissa,2021/1/23
466,Lucas Kagwe,lucas.kagwe@example.com,Eldoret,2024/9/19
467,Nyambura Mwangi,nyambura.mwangi@example.com,Kisii,2021/4/1
468,Martin Kiplagat,martin.kiplagat@example.com,Mombasa,2022/1/10
469,Lilian Nduta,lilian.nduta@example.com,Isiolo,2023/1/16
470,Achieng Mutua,achieng.mutua@example.com,Naivasha,2023/4/19
471,Lawrence Okello,lawrence.okello@example.com,Kisumu,2023/12/26
472,Katherine Kiprono,katherine.kiprono@example.com,Nakuru,2023/7/25
473,Vanessa Njuguna,vanessa.njuguna@example.com,Eldoret,2024/4/20
474,Andrew Ndambi,andrew.ndambi@example.com,Kitale,2021/2/23
475,Samantha Mutiso,samantha.mutiso@example.com,Voi,2023/11/29
476,Joshua Mutahi,joshua.mutahi@example.com,Mombasa,2023/3/2
477,Victoria Ngetich,victoria.ngetich@example.com,Eldoret,2022/1/20
478,Hellen Tanui,hellen.tanui@example.com,Machakos,2022/3/11
479,Bernice Wanjohi,bernice.wanjohi@example.com,Nyeri,2025/3/21
480,James Otieno,james.otieno@example.com,Kitale,2024/8/28
481,Lucy Oyugi,lucy.oyugi@example.com,Nyeri,2022/7/6
482,Cynthia Waweru,cynthia.waweru@example.com,Embu,2022/4/2
483,Adam Oduor,adam.oduor@example.com,Kakamega,2021/2/22
484,Eunice Maina,eunice.maina@example.com,Meru,2021/6/28
485,Gideon Njoroge,gideon.njoroge@example.com,Voi,2021/5/4
486,Adan Were,adan.were@example.com,Eldoret,2021/4/27
487,Esther Ndambi,esther.ndambi@example.com,Thika,2023/4/1
488,Michael Koech,michael.koech@example.com,Embu,2022/6/28
489,Winnie Kamau,winnie.kamau@example.com,Kericho,2021/5/28
490,Zainab Gichuki,zainab.gichuki@example.com,Busia,2022/9/26
491,Kennedy Tapia,kennedy.tapia@example.com,Meru,2023/4/6
492,Samantha Makori,samantha.makori@example.com,Machakos,2023/4/29
493,Brian Ngugi,brian.ngugi@example.com,Kisii,2025/7/4
494,Kennedy Mutahi,kennedy.mutahi@example.com,Nakuru,2021/3/27
495,Salome Cherono,salome.cherono@example.com,Thika,2025/4/3
496,Charity Chebet,charity.chebet@example.com,Machakos,2025/5/12
497,Chris Choge,chris.choge@example.com,Narok,2020/12/14
498,Gabriel Oduor,gabriel.oduor@example.com,Meru,2025/5/31
499,Josephine Katana,josephine.katana@example.com,Nyeri,2021/7/23
500,Agnes Kiptum,agnes.kiptum@example.com,Kisumu,2024/9/18
501,Juma Ndambi,juma.ndambi@example.com,Kakamega,2022/9/21
502,Daniel Onyango,daniel.onyango@example.com,Kitale,2023/8/10
503,Judith Maina,judith.maina@example.com,Mombasa,2024/7/10
504,Joan Makori,joan.makori@example.com,Machakos,2022/3/9
505,Anthony Mbugua,anthony.mbugua@example.com,Thika,2020/11/25
506,Mabel Wekesa,mabel.wekesa@example.com,Kitale,2025/7/9
507,Brian Wafula,brian.wafula@example.com,Embu,2023/11/5
508,Susan Awuor,susan.awuor@example.com,Busia,2022/2/16
509,George Kipkemboi,george.kipkemboi@example.com,Nakuru,2023/4/27
510,Nyambura Maina,nyambura.maina@example.com,Nakuru,2025/3/27
511,Betty Omollo,betty.omollo@example.com,Eldoret,2021/5/29
512,Anthony Achieng,anthony.achieng@example.com,Nairobi,2021/1/27
513,Catherine Mutiso,catherine.mutiso@example.com,Kakamega,2021/6/17
514,Judith Wanjohi,judith.wanjohi@example.com,Meru,2025/5/6
515,Michael Cherono,michael.cherono@example.com,Kitale,2022/10/25
516,Miriam Kihiu,miriam.kihiu@example.com,Kisumu,2023/12/29
517,Sharon Tapia,sharon.tapia@example.com,Voi,2022/3/7
518,Tracy Kimani,tracy.kimani@example.com,Kisumu,2020/11/6
519,Kevin Ouma,kevin.ouma@example.com,Kisumu,2021/11/1
520,Vanessa Moraa,vanessa.moraa@example.com,Embu,2025/4/7
521,Vanessa Kirui,vanessa.kirui@example.com,Eldoret,2021/3/30
522,Joy Wanjohi,joy.wanjohi@example.com,Nyeri,2021/5/31
523,Kevin Ndungu,kevin.ndungu@example.com,Mombasa,2023/4/25
524,Njeri Njuguna,njeri.njuguna@example.com,Mombasa,2021/9/2
525,Njeri Chebet,njeri.chebet@example.com,Voi,2023/2/27
526,Wanja Koech,wanja.koech@example.com,Kitale,2023/7/6
527,Katherine Okoth,katherine.okoth@example.com,Nairobi,2022/11/15
528,Sharon Kipkorir,sharon.kipkorir@example.com,Kericho,2021/9/11
529,Esther Achieng,esther.achieng@example.com,Naivasha,2021/12/6
530,Michael Wekesa,michael.wekesa@example.com,Thika,2022/4/9
531,Benjamin Katana,benjamin.katana@example.com,Kisii,2023/3/25
532,Bernice Karanja,bernice.karanja@example.com,Eldoret,2020/12/2
533,Kennedy Njagi,kennedy.njagi@example.com,Narok,2024/3/14
534,Susan Ndirangu,susan.ndirangu@example.com,Narok,2022/2/8
535,Theresa Okello,theresa.okello@example.com,Machakos,2023/7/11
536,Ann Omondi,ann.omondi@example.com,Kericho,2025/9/4
537,Faith Nduta,faith.nduta@example.com,Busia,2023/6/1
538,Charles Cherono,charles.cherono@example.com,Mombasa,2021/3/21
539,Martin Ndambi,martin.ndambi@example.com,Kisii,2022/11/16
540,Lilian Kiplagat,lilian.kiplagat@example.com,Eldoret,2023/1/29
541,Chris Gichuki,chris.gichuki@example.com,Meru,2024/5/1
542,Irene Cherono,irene.cherono@example.com,Isiolo,2022/2/15
543,Caroline Ndungu,caroline.ndungu@example.com,Busia,2025/3/8
544,Victoria Kiprono,victoria.kiprono@example.com,Nairobi,2022/11/15
545,Lawrence Oyoo,lawrence.oyoo@example.com,Naivasha,2023/6/2
546,Kennedy Gachara,kennedy.gachara@example.com,Busia,2025/2/9
547,Brian Achieng,brian.achieng@example.com,Garissa,2022/8/28
548,Keziah Wanjohi,keziah.wanjohi@example.com,Voi,2023/7/18
549,Chris Tanui,chris.tanui@example.com,Nyeri,2022/11/27
550,Daisy Omollo,daisy.omollo@example.com,Kisii,2021/9/26
551,Joshua Kagwe,joshua.kagwe@example.com,Nairobi,2022/7/8
552,Cynthia Kipkemboi,cynthia.kipkemboi@example.com,Narok,2021/12/15
553,Brian Were,brian.were@example.com,Nairobi,2025/4/10
554,Daisy Kiprotich,daisy.kiprotich@example.com,Kisii,2021/1/20
555,Gideon Kipkorir,gideon.kipkorir@example.com,Garissa,2023/9/12
556,Betty Chege,betty.chege@example.com,Naivasha,2025/1/10
557,Nyambura Tanui,nyambura.tanui@example.com,Voi,2022/1/12
558,Naomi Wanjiru,naomi.wanjiru@example.com,Thika,2021/4/16
559,Bernice Moraa,bernice.moraa@example.com,Kakamega,2024/5/30
560,James Kihiu,james.kihiu@example.com,Kakamega,2022/3/22
561,Florence Oduor,florence.oduor@example.com,Busia,2025/4/21
562,Andrew Makori,andrew.makori@example.com,Mombasa,2025/1/4
563,Bernard Mbugua,bernard.mbugua@example.com,Kakamega,2023/12/16
564,Cecilia Macharia,cecilia.macharia@example.com,Kitale,2022/9/19
565,Jennifer Katana,jennifer.katana@example.com,Thika,2021/9/18
566,Nancy Achieng,nancy.achieng@example.com,Kakamega,2024/1/19
567,Gideon Chege,gideon.chege@example.com,Nyeri,2025/4/1
568,Wairimu Okoth,wairimu.okoth@example.com,Naivasha,2024/1/17
569,Theresa Keter,theresa.keter@example.com,Nairobi,2024/9/2
570,Bernard Chege,bernard.chege@example.com,Naivasha,2023/11/29
571,Josephine Mutua,josephine.mutua@example.com,Voi,2021/7/11
572,Janet Chebukati,janet.chebukati@example.com,Voi,2021/10/13
573,Mercy Ndungu,mercy.ndungu@example.com,Garissa,2023/10/8
574,Njeri Ruto,njeri.ruto@example.com,Machakos,2021/9/17
575,Betty Bett,betty.bett@example.com,Garissa,2020/12/9
576,Moses Kiplagat,moses.kiplagat@example.com,Kisumu,2021/1/16
577,Cecilia Kiptum,cecilia.kiptum@example.com,Kakamega,2024/2/7
578,Joy Wafula,joy.wafula@example.com,Kakamega,2020/11/2
579,Sarah Ruto,sarah.ruto@example.com,Isiolo,2023/5/29
580,Victoria Kagiri,victoria.kagiri@example.com,Nairobi,2022/8/3
581,Deborah Mwangi,deborah.mwangi@example.com,Narok,2021/11/9
582,George Gitau,george.gitau@example.com,Eldoret,2022/8/21
583,Sharon Makori,sharon.makori@example.com,Thika,2025/3/24
584,Salome Omollo,salome.omollo@example.com,Nyeri,2021/1/22
585,Abdul Mutiso,abdul.mutiso@example.com,Nairobi,2021/7/22
586,Isaac Mburu,isaac.mburu@example.com,Voi,2024/9/5
587,Samantha Njagi,samantha.njagi@example.com,Eldoret,2025/1/25
588,Caroline Nduta,caroline.nduta@example.com,Nakuru,2025/6/22
589,Josephine Bett,josephine.bett@example.com,Isiolo,2025/7/21
590,Florence Owino,florence.owino@example.com,Naivasha,2021/2/18
591,Charles Chege,charles.chege@example.com,Naivasha,2024/9/4
592,Kennedy Kagwe,kennedy.kagwe@example.com,Kitale,2024/1/6
593,Dennis Nduta,dennis.nduta@example.com,Nakuru,2022/8/13
594,Grace Achieng,grace.achieng@example.com,Machakos,2022/7/15
595,Vanessa Nduta,vanessa.nduta@example.com,Eldoret,2021/8/11
596,Josephine Chebukati,josephine.chebukati@example.com,Kericho,2025/3/2
597,Caroline Maina,caroline.maina@example.com,Garissa,2024/5/14
598,Deborah Muriuki,deborah.muriuki@example.com,Nyeri,2021/9/14
599,Bernice Tanui,bernice.tanui@example.com,Busia,2024/8/13
600,Wanja Kagiri,wanja.kagiri@example.com,Narok,2025/2/20
601,Daisy Ndungu,daisy.ndungu@example.com,Naivasha,2021/12/24
602,James Choge,james.choge@example.com,Voi,2025/4/18
603,Juliana Ndirangu,juliana.ndirangu@example.com,Thika,2022/11/6
604,Juma Oloo,juma.oloo@example.com,Machakos,2024/11/4
605,Wanja Kosgey,wanja.kosgey@example.com,Machakos,2021/6/10
606,Victoria Owino,victoria.owino@example.com,Thika,2024/10/24
607,Lois Irungu,lois.irungu@example.com,Nairobi,2024/8/30
608,Henry Kihara,henry.kihara@example.com,Voi,2022/12/3
609,Daniel Okoth,daniel.okoth@example.com,Voi,2020/11/28
610,Brenda Kimani,brenda.kimani@example.com,Thika,2024/2/8
611,Lilian Chebet,lilian.chebet@example.com,Nyeri,2025/4/6
612,Martin Wairimu,martin.wairimu@example.com,Narok,2021/12/19
613,Katherine Kosgey,katherine.kosgey@example.com,Voi,2021/4/24
614,Eric Muriithi,eric.muriithi@example.com,Garissa,2021/7/8
615,Christine Otieno,christine.otieno@example.com,Nyeri,2024/11/27
616,Sarah Oduor,sarah.oduor@example.com,Kisumu,2022/1/23
617,Abdul Chege,abdul.chege@example.com,Naivasha,2022/7/9
618,Joseph Muriithi,joseph.muriithi@example.com,Thika,2024/4/17
619,Eric Kipkemboi,eric.kipkemboi@example.com,Kisumu,2025/5/2
620,Catherine Moraa,catherine.moraa@example.com,Nyeri,2023/3/26
621,James Chebukati,james.chebukati@example.com,Nairobi,2022/3/20
622,Aisha Owino,aisha.owino@example.com,Meru,2022/2/16
623,Gloria Kagwe,gloria.kagwe@example.com,Kisumu,2022/9/10
624,Florence Chebukati,florence.chebukati@example.com,Kisii,2025/2/20
625,Vanessa Ngugi,vanessa.ngugi@example.com,Nakuru,2024/10/7
626,Brian Tapia,brian.tapia@example.com,Nairobi,2020/12/30
627,Aisha Keter,aisha.keter@example.com,Kitale,2023/3/9
628,Lois Mutiso,lois.mutiso@example.com,Kericho,2021/8/29
629,Mercy Cheruiyot,mercy.cheruiyot@example.com,Kericho,2023/6/29
630,Jessica Maina,jessica.maina@example.com,Kitale,2022/9/12
631,Cynthia Omollo,cynthia.omollo@example.com,Busia,2022/10/31
632,Brian Ndambi,brian.ndambi@example.com,Nakuru,2025/5/17
633,Juma Gachara,juma.gachara@example.com,Garissa,2025/2/24
634,Adam Onyango,adam.onyango@example.com,Voi,2024/5/18
635,Anthony Mutiso,anthony.mutiso@example.com,Kakamega,2021/8/22
636,Fridah Kihiu,fridah.kihiu@example.com,Embu,2021/2/20
637,Hellen Achieng,hellen.achieng@example.com,Mombasa,2022/5/19
638,Sarah Njagi,sarah.njagi@example.com,Nairobi,2022/7/7
639,Eunice Irungu,eunice.irungu@example.com,Kisii,2021/4/25
640,Isaac Wafula,isaac.wafula@example.com,Kisumu,2022/8/24
641,Wanjiru Wekesa,wanjiru.wekesa@example.com,Thika,2025/9/15
642,Dennis Bett,dennis.bett@example.com,Kitale,2021/8/18
643,Sarah Awuor,sarah.awuor@example.com,Kisumu,2023/10/18
644,Christine Okoth,christine.okoth@example.com,Kisumu,2022/8/16
645,Jane Kilonzo,jane.kilonzo@example.com,Narok,2024/3/2
646,Gideon Wanjohi,gideon.wanjohi@example.com,Garissa,2024/9/4
647,Elijah Kihara,elijah.kihara@example.com,Nairobi,2023/2/23
648,Moses Kipkorir,moses.kipkorir@example.com,Thika,2024/2/18
649,Irene Irungu,irene.irungu@example.com,Kericho,2021/8/10
650,Juma Koech,juma.koech@example.com,Mombasa,2021/4/18
651,Caroline Wairimu,caroline.wairimu@example.com,Nyeri,2021/11/17
652,Wairimu Njagi,wairimu.njagi@example.com,Meru,2023/1/9
653,Chris Owino,chris.owino@example.com,Busia,2024/10/10
654,Juliana Nduta,juliana.nduta@example.com,Busia,2022/3/20
655,Wanjiku Kipkemboi,wanjiku.kipkemboi@example.com,Machakos,2022/5/25
656,Kennedy Kosgey,kennedy.kosgey@example.com,Kakamega,2021/4/7
657,Wanja Njagi,wanja.njagi@example.com,Mombasa,2022/12/6
658,Agnes Oyugi,agnes.oyugi@example.com,Voi,2023/10/23
659,Esther Omollo,esther.omollo@example.com,Garissa,2021/8/3
660,Wanjiku Kipkorir,wanjiku.kipkorir@example.com,Mombasa,2022/10/1
661,Joan Kibet,joan.kibet@example.com,Nairobi,2023/2/15
662,Caroline Mutahi,caroline.mutahi@example.com,Kisumu,2022/5/19
663,Brian Mbugua,brian.mbugua@example.com,Narok,2023/6/3
664,Judith Keter,judith.keter@example.com,Meru,2021/4/9
665,Florence Ndwiga,florence.ndwiga@example.com,Nairobi,2021/11/20
666,Joan Ndungu,joan.ndungu@example.com,Thika,2024/4/22
667,Josephine Koech,josephine.koech@example.com,Machakos,2021/3/9
668,Vivian Bett,vivian.bett@example.com,Garissa,2025/6/17
669,Agnes Mburu,agnes.mburu@example.com,Nakuru,2022/6/16
670,Juliana Moraa,juliana.moraa@example.com,Kitale,2023/5/15
671,Wanjiru Kihara,wanjiru.kihara@example.com,Garissa,2024/6/7
672,Vanessa Mutahi,vanessa.mutahi@example.com,Kisii,2021/3/28
673,Dorcas Omollo,dorcas.omollo@example.com,Busia,2022/11/25
674,Abdi Muriithi,abdi.muriithi@example.com,Thika,2022/10/22
675,Daniel Ruto,daniel.ruto@example.com,Kitale,2022/10/19
676,Dennis Tapia,dennis.tapia@example.com,Thika,2023/3/24
677,Gideon Mumo,gideon.mumo@example.com,Mombasa,2022/3/16
678,Miriam Chege,miriam.chege@example.com,Embu,2023/5/3
679,Grace Mutiso,grace.mutiso@example.com,Kisii,2021/12/30
680,Agnes Ndungu,agnes.ndungu@example.com,Kisii,2023/11/22
681,Theresa Mutahi,theresa.mutahi@example.com,Mombasa,2021/7/29
682,Wairimu Tapia,wairimu.tapia@example.com,Nakuru,2021/3/17
683,Isaac Muriuki,isaac.muriuki@example.com,Naivasha,2025/4/5
684,Ann Were,ann.were@example.com,Busia,2023/1/18
685,Alex Irungu,alex.irungu@example.com,Voi,2022/1/1
686,Dorcas Muriithi,dorcas.muriithi@example.com,Busia,2021/1/25
687,Adam Omondi,adam.omondi@example.com,Kitale,2025/4/26
688,Faith Bett,faith.bett@example.com,Isiolo,2023/1/28
689,Sandra Kiptum,sandra.kiptum@example.com,Busia,2024/7/31
690,Wambui Njuguna,wambui.njuguna@example.com,Garissa,2023/12/9
691,Lois Wanjohi,lois.wanjohi@example.com,Kakamega,2023/5/26
692,Hellen Mbugua,hellen.mbugua@example.com,Machakos,2021/3/3
693,Daisy Achieng,daisy.achieng@example.com,Kitale,2025/7/7
694,Dennis Karanja,dennis.karanja@example.com,Mombasa,2023/7/18
695,Nyambura Wambui,nyambura.wambui@example.com,Voi,2023/8/17
696,Nancy Omondi,nancy.omondi@example.com,Voi,2024/7/11
697,Joshua Oyoo,joshua.oyoo@example.com,Narok,2021/7/21
698,Josephine Wekesa,josephine.wekesa@example.com,Nakuru,2024/12/21
699,Sharon Kiptoo,sharon.kiptoo@example.com,Embu,2021/9/12
700,Faith Ruto,faith.ruto@example.com,Thika,2021/11/30
701,Abdi Kibet,abdi.kibet@example.com,Meru,2021/6/8
702,Gabriel Mbugua,gabriel.mbugua@example.com,Mombasa,2023/2/7
703,Kevin Njagi,kevin.njagi@example.com,Kisumu,2024/7/23
704,Lydia Kiptoo,lydia.kiptoo@example.com,Kericho,2021/11/10
705,Nyambura Wafula,nyambura.wafula@example.com,Eldoret,2025/5/28
706,Aisha Cheruiyot,aisha.cheruiyot@example.com,Narok,2022/3/5
707,Cynthia Chebet,cynthia.chebet@example.com,Nyeri,2024/10/21
708,James Makori,james.makori@example.com,Kisumu,2021/3/20
709,Maureen Wafula,maureen.wafula@example.com,Kitale,2023/11/6
710,James Nduta,james.nduta@example.com,Kitale,2023/10/28
711,Faith Ouma,faith.ouma@example.com,Nyeri,2025/7/13
712,Elijah Cheruiyot,elijah.cheruiyot@example.com,Kisii,2023/8/23
713,Agnes Onyango,agnes.onyango@example.com,Embu,2025/8/16
714,Wambui Ndwiga,wambui.ndwiga@example.com,Nairobi,2025/2/19
715,Cecilia Chege,cecilia.chege@example.com,Narok,2024/1/9
716,Waceke Mutua,waceke.mutua@example.com,Isiolo,2025/2/9
717,Waceke Onyango,waceke.onyango@example.com,Kericho,2021/5/11
718,Charles Makori,charles.makori@example.com,Kericho,2021/7/26
719,Beatrice Omondi,beatrice.omondi@example.com,Eldoret,2023/11/27
720,Daisy Ouma,daisy.ouma@example.com,Voi,2023/12/30
721,Benjamin Chebet,benjamin.chebet@example.com,Nakuru,2021/4/27
722,Jane Ngetich,jane.ngetich@example.com,Voi,2025/2/5
723,Bernard Ndambi,bernard.ndambi@example.com,Nakuru,2025/2/18
724,Keziah Kipkemboi,keziah.kipkemboi@example.com,Machakos,2025/8/4
725,Juliana Wafula,juliana.wafula@example.com,Busia,2025/8/30
726,Gideon Muriithi,gideon.muriithi@example.com,Naivasha,2025/8/25
727,Samantha Wambui,samantha.wambui@example.com,Kericho,2022/3/17
728,Betty Ruto,betty.ruto@example.com,Kitale,2024/5/26
729,Salome Ndirangu,salome.ndirangu@example.com,Garissa,2023/12/8
730,Sharon Otieno,sharon.otieno@example.com,Narok,2023/5/19
731,Gloria Katana,gloria.katana@example.com,Mombasa,2021/9/10
732,Lucas Wanjiru,lucas.wanjiru@example.com,Kisii,2022/12/27
733,Christine Ouma,christine.ouma@example.com,Eldoret,2024/3/12
734,Benjamin Cheruiyot,benjamin.cheruiyot@example.com,Narok,2024/7/18
735,Benjamin Gichuki,benjamin.gichuki@example.com,Kitale,2020/12/11
736,Miriam Karanja,miriam.karanja@example.com,Kitale,2025/9/18
737,Gideon Kiprotich,gideon.kiprotich@example.com,Nyeri,2024/8/7
738,Anthony Wekesa,anthony.wekesa@example.com,Kakamega,2021/1/1
739,Katherine Ndwiga,katherine.ndwiga@example.com,Garissa,2022/3/27
740,Ann Irungu,ann.irungu@example.com,Naivasha,2020/11/3
741,Michael Kirui,michael.kirui@example.com,Nyeri,2025/4/24
742,George Tanui,george.tanui@example.com,Machakos,2022/6/21
743,Sandra Sang,sandra.sang@example.com,Kisii,2025/6/15
744,Christine Bett,christine.bett@example.com,Garissa,2025/7/16
745,Lawrence Owino,lawrence.owino@example.com,Nakuru,2025/8/7
746,Katherine Wekesa,katherine.wekesa@example.com,Kakamega,2021/6/25
747,Faith Chebukati,faith.chebukati@example.com,Machakos,2024/11/24
748,Tracy Macharia,tracy.macharia@example.com,Embu,2025/1/25
749,Lucy Wairimu,lucy.wairimu@example.com,Nyeri,2022/3/28
750,Chris Oduor,chris.oduor@example.com,Kericho,2024/2/13
751,David Mutiso,david.mutiso@example.com,Kisumu,2021/10/12
752,Charles Okoth,charles.okoth@example.com,Embu,2021/11/29
753,Wanjiru Oduor,wanjiru.oduor@example.com,Kericho,2024/11/18
754,Samantha Choge,samantha.choge@example.com,Garissa,2024/12/26
755,Charity Kiprono,charity.kiprono@example.com,Isiolo,2025/8/4
756,Alex Oyugi,alex.oyugi@example.com,Naivasha,2025/5/1
757,Daisy Kimani,daisy.kimani@example.com,Mombasa,2023/8/14
758,Lilian Oyugi,lilian.oyugi@example.com,Thika,2021/2/4
759,Kevin Oduor,kevin.oduor@example.com,Machakos,2024/9/15
760,Faith Oduor,faith.oduor@example.com,Isiolo,2022/12/28
761,Wanja Nduta,wanja.nduta@example.com,Eldoret,2025/2/7
762,David Mwangi,david.mwangi@example.com,Isiolo,2025/8/28
763,Mercy Njoroge,mercy.njoroge@example.com,Voi,2020/11/21
764,Vanessa Ngetich,vanessa.ngetich@example.com,Thika,2021/10/22
765,Esther Njuguna,esther.njuguna@example.com,Meru,2025/6/3
766,Keziah Cherono,keziah.cherono@example.com,Mombasa,2022/2/15
767,Jennifer Wairimu,jennifer.wairimu@example.com,Mombasa,2023/4/15
768,Eric Kirui,eric.kirui@example.com,Mombasa,2022/10/1
769,Joan Kirui,joan.kirui@example.com,Meru,2022/4/7
770,Lucy Njagi,lucy.njagi@example.com,Naivasha,2025/5/6
771,Wambui Omondi,wambui.omondi@example.com,Embu,2023/7/24
772,Catherine Omondi,catherine.omondi@example.com,Kitale,2024/4/16
773,Samantha Keter,samantha.keter@example.com,Nakuru,2024/7/19
774,Sandra Ndambi,sandra.ndambi@example.com,Nairobi,2022/1/31
775,Lawrence Choge,lawrence.choge@example.com,Naivasha,2023/6/21
776,Joseph Okello,joseph.okello@example.com,Narok,2023/3/25
777,Elijah Kiptoo,elijah.kiptoo@example.com,Thika,2025/8/10
778,Zainab Gitau,zainab.gitau@example.com,Garissa,2024/1/7
779,Elijah Koech,elijah.koech@example.com,Busia,2022/9/9
780,Kennedy Ngetich,kennedy.ngetich@example.com,Naivasha,2021/8/23
781,Abdul Katana,abdul.katana@example.com,Kisii,2024/12/4
782,Samantha Kiptum,samantha.kiptum@example.com,Kisumu,2022/4/29
783,Adan Mburu,adan.mburu@example.com,Nairobi,2022/11/23
784,Dorcas Kagiri,dorcas.kagiri@example.com,Mombasa,2021/8/22
785,David Muriithi,david.muriithi@example.com,Voi,2025/2/6
786,Jessica Mumo,jessica.mumo@example.com,Meru,2025/7/14
787,Ann Ndungu,ann.ndungu@example.com,Kakamega,2024/5/10
788,Deborah Gitau,deborah.gitau@example.com,Kakamega,2024/7/11
789,Chris Kiplagat,chris.kiplagat@example.com,Meru,2022/3/28
790,Winnie Kiplagat,winnie.kiplagat@example.com,Kericho,2023/8/10
791,Abdul Maina,abdul.maina@example.com,Nairobi,2025/7/29
792,Judith Awuor,judith.awuor@example.com,Nairobi,2023/5/21
793,Charles Nduta,charles.nduta@example.com,Eldoret,2024/5/10
794,Tracy Chebet,tracy.chebet@example.com,Thika,2024/2/6
795,Joseph Mutahi,joseph.mutahi@example.com,Nairobi,2021/12/25
796,Jane Oyoo,jane.oyoo@example.com,Kisii,2024/2/20
797,Andrew Kiplagat,andrew.kiplagat@example.com,Machakos,2024/9/21
798,Victoria Mutiso,victoria.mutiso@example.com,Kisii,2023/2/7
799,Hellen Omollo,hellen.omollo@example.com,Kitale,2025/7/3
800,Joan Keter,joan.keter@example.com,Naivasha,2023/4/21
801,Eric Gichuki,eric.gichuki@example.com,Kisii,2021/12/13
802,Miriam Moraa,miriam.moraa@example.com,Embu,2022/6/3
803,Brian Omondi,brian.omondi@example.com,Isiolo,2025/5/8
804,Gabriel Otieno,gabriel.otieno@example.com,Narok,2022/12/15
805,Dorcas Mutahi,dorcas.mutahi@example.com,Voi,2021/4/20
806,Fridah Gitonga,fridah.gitonga@example.com,Nairobi,2023/8/6
807,Andrew Ngugi,andrew.ngugi@example.com,Naivasha,2023/11/16
808,Salome Mutua,salome.mutua@example.com,Narok,2024/2/22
809,Cynthia Gitau,cynthia.gitau@example.com,Machakos,2022/5/27
810,Vanessa Gichuki,vanessa.gichuki@example.com,Nakuru,2023/6/6
811,Katherine Achieng,katherine.achieng@example.com,Kisumu,2022/8/12
812,Wanjiru Wanjohi,wanjiru.wanjohi@example.com,Kisii,2024/4/26
813,Abdul Gitonga,abdul.gitonga@example.com,Nyeri,2025/7/23
814,Kevin Mburu,kevin.mburu@example.com,Kisii,2022/3/11
815,Esther Gitau,esther.gitau@example.com,Machakos,2021/10/13
816,Daniel Tapia,daniel.tapia@example.com,Eldoret,2023/8/18
817,Deborah Wekesa,deborah.wekesa@example.com,Kakamega,2021/1/17
818,Alfred Kihara,alfred.kihara@example.com,Narok,2022/12/29
819,Njeri Moraa,njeri.moraa@example.com,Nyeri,2024/7/18
820,Josephine Ouma,josephine.ouma@example.com,Eldoret,2024/10/9
821,Wairimu Owino,wairimu.owino@example.com,Nairobi,2024/5/27
822,Dennis Kiplagat,dennis.kiplagat@example.com,Garissa,2022/5/21
823,Hellen Gitonga,hellen.gitonga@example.com,Kisii,2023/1/28
824,Dorcas Ndungu,dorcas.ndungu@example.com,Kitale,2022/11/27
825,Michael Gichuki,michael.gichuki@example.com,Mombasa,2023/12/31
826,Dennis Kiptoo,dennis.kiptoo@example.com,Voi,2025/4/21
827,Moses Kiptoo,moses.kiptoo@example.com,Meru,2022/8/26
828,Victoria Kimani,victoria.kimani@example.com,Kakamega,2024/7/29
829,Florence Omondi,florence.omondi@example.com,Busia,2024/4/22
830,Florence Mwangi,florence.mwangi@example.com,Garissa,2024/6/29
831,Sharon Ndirangu,sharon.ndirangu@example.com,Naivasha,2023/7/28
832,Bernice Chebet,bernice.chebet@example.com,Machakos,2025/6/20
833,Henry Wambui,henry.wambui@example.com,Thika,2025/6/10
834,Samantha Ouma,samantha.ouma@example.com,Busia,2021/9/28
835,Winnie Cheruiyot,winnie.cheruiyot@example.com,Machakos,2021/4/10
836,Janet Wairimu,janet.wairimu@example.com,Garissa,2021/6/12
837,Moses Ndambi,moses.ndambi@example.com,Kisii,2024/10/17
838,Jennifer Achieng,jennifer.achieng@example.com,Busia,2025/1/2
839,George Gitonga,george.gitonga@example.com,Thika,2024/7/16
840,Juma Gitau,juma.gitau@example.com,Nyeri,2024/5/25
841,Christine Ngugi,christine.ngugi@example.com,Kisumu,2021/12/22
842,Jessica Mutua,jessica.mutua@example.com,Naivasha,2021/12/24
843,Bernice Maina,bernice.maina@example.com,Machakos,2023/2/1
844,Dennis Kimani,dennis.kimani@example.com,Nyeri,2022/10/24
845,Victoria Cheruiyot,victoria.cheruiyot@example.com,Kisii,2024/1/5
846,Zainab Okello,zainab.okello@example.com,Machakos,2023/4/30
847,Gabriel Kipkemboi,gabriel.kipkemboi@example.com,Nakuru,2023/5/14
848,Esther Irungu,esther.irungu@example.com,Mombasa,2025/8/2
849,Gideon Gachara,gideon.gachara@example.com,Voi,2023/12/25
850,Charity Gachara,charity.gachara@example.com,Narok,2021/2/15
851,Jennifer Okoth,jennifer.okoth@example.com,Garissa,2025/9/18
852,Tracy Kagwe,tracy.kagwe@example.com,Meru,2023/7/14
853,Aisha Wafula,aisha.wafula@example.com,Nakuru,2025/8/4
854,Jane Tapia,jane.tapia@example.com,Kitale,2023/9/13
855,Adan Kosgey,adan.kosgey@example.com,Machakos,2023/1/17
856,Elijah Muriithi,elijah.muriithi@example.com,Mombasa,2025/8/11
857,Betty Keter,betty.keter@example.com,Eldoret,2021/7/1
858,Sharon Gitonga,sharon.gitonga@example.com,Meru,2022/8/25
859,Hellen Kiptoo,hellen.kiptoo@example.com,Kericho,2023/12/3
860,James Wafula,james.wafula@example.com,Embu,2021/7/13
861,Joy Okello,joy.okello@example.com,Nyeri,2025/7/25
862,Susan Njuguna,susan.njuguna@example.com,Thika,2025/2/4
863,Betty Onyango,betty.onyango@example.com,Kisumu,2023/6/18
864,Samantha Chebukati,samantha.chebukati@example.com,Nyeri,2024/4/7
865,Naomi Kipkorir,naomi.kipkorir@example.com,Thika,2022/6/26
866,Lucas Wambui,lucas.wambui@example.com,Mombasa,2020/10/2
867,Mercy Awuor,mercy.awuor@example.com,Embu,2022/4/6
868,Tracy Wekesa,tracy.wekesa@example.com,Meru,2024/12/29
869,Eric Mbugua,eric.mbugua@example.com,Thika,2023/12/17
870,Daisy Amadi,daisy.amadi@example.com,Thika,2023/6/22
871,Winnie Oloo,winnie.oloo@example.com,Kisumu,2021/6/15
872,Charles Were,charles.were@example.com,Narok,2023/2/28
873,Maureen Ouma,maureen.ouma@example.com,Kericho,2022/12/28
874,Bernice Njuguna,bernice.njuguna@example.com,Kericho,2023/5/28
875,Charity Otieno,charity.otieno@example.com,Kitale,2020/10/2
876,Victoria Kiprotich,victoria.kiprotich@example.com,Mombasa,2023/9/21
877,Winnie Omollo,winnie.omollo@example.com,Meru,2024/10/28
878,Cecilia Sang,cecilia.sang@example.com,Naivasha,2020/10/21
879,Cynthia Kiprotich,cynthia.kiprotich@example.com,Nyeri,2024/12/21
880,Joan Kilonzo,joan.kilonzo@example.com,Isiolo,2021/10/18
881,Lawrence Kihara,lawrence.kihara@example.com,Nairobi,2024/7/9
882,Daisy Ruto,daisy.ruto@example.com,Nairobi,2024/3/29
883,Abdi Cherono,abdi.cherono@example.com,Kakamega,2021/12/30
884,Katherine Wanjiru,katherine.wanjiru@example.com,Naivasha,2022/6/24
885,Maureen Were,maureen.were@example.com,Eldoret,2021/4/21
886,Victoria Amadi,victoria.amadi@example.com,Kitale,2023/7/20
887,Dorcas Kipkemboi,dorcas.kipkemboi@example.com,Voi,2022/6/11
888,Keziah Kiprono,keziah.kiprono@example.com,Thika,2021/2/3
889,Charity Kiptum,charity.kiptum@example.com,Mombasa,2022/5/26
890,Joan Mbugua,joan.mbugua@example.com,Machakos,2023/4/14
891,Andrew Wanjohi,andrew.wanjohi@example.com,Isiolo,2024/1/27
892,Lois Kimani,lois.kimani@example.com,Isiolo,2022/8/15
893,Josephine Kibet,josephine.kibet@example.com,Kericho,2025/9/15
894,Sharon Ouma,sharon.ouma@example.com,Eldoret,2022/8/25
895,Lucy Ndambi,lucy.ndambi@example.com,Garissa,2022/9/28
896,Anthony Awuor,anthony.awuor@example.com,Meru,2021/8/26
897,Naomi Mutua,naomi.mutua@example.com,Kitale,2020/11/1
898,Caroline Tapia,caroline.tapia@example.com,Kakamega,2021/12/26
899,Salome Wambui,salome.wambui@example.com,Eldoret,2021/11/29
900,Juma Ngetich,juma.ngetich@example.com,Nairobi,2024/1/13
901,Catherine Chege,catherine.chege@example.com,Isiolo,2021/9/4
902,Agnes Kosgey,agnes.kosgey@example.com,Nakuru,2022/10/13
903,Mabel Kilonzo,mabel.kilonzo@example.com,Mombasa,2022/10/31
904,Eric Wairimu,eric.wairimu@example.com,Kisii,2025/1/19
905,Martin Onyango,martin.onyango@example.com,Busia,2024/3/22
906,Lois Muriuki,lois.muriuki@example.com,Mombasa,2024/1/22
907,Janet Kimani,janet.kimani@example.com,Mombasa,2024/6/9
908,Bernice Were,bernice.were@example.com,Nakuru,2024/5/23
909,Daisy Muriuki,daisy.muriuki@example.com,Nairobi,2020/12/30
910,Esther Karanja,esther.karanja@example.com,Nakuru,2023/1/24
911,Sarah Ouma,sarah.ouma@example.com,Embu,2022/11/10
912,Janet Muriithi,janet.muriithi@example.com,Nakuru,2023/10/18
913,Moses Wanjiru,moses.wanjiru@example.com,Kisii,2023/5/22
914,Lois Ndwiga,lois.ndwiga@example.com,Eldoret,2021/11/17
915,Kevin Kagwe,kevin.kagwe@example.com,Nairobi,2022/6/1
916,Alex Muriuki,alex.muriuki@example.com,Kericho,2024/6/9
917,Beatrice Wanjohi,beatrice.wanjohi@example.com,Nakuru,2024/6/10
918,Anthony Ndungu,anthony.ndungu@example.com,Isiolo,2022/3/29
919,Mabel Oyoo,mabel.oyoo@example.com,Narok,2024/2/15
920,John Oyoo,john.oyoo@example.com,Eldoret,2023/1/28
921,Achieng Oyugi,achieng.oyugi@example.com,Nakuru,2023/8/6
922,Grace Okoth,grace.okoth@example.com,Narok,2021/5/22
923,Elijah Ngetich,elijah.ngetich@example.com,Machakos,2021/5/14
924,Joy Waweru,joy.waweru@example.com,Nakuru,2023/7/9
925,Sarah Mutua,sarah.mutua@example.com,Meru,2024/2/22
926,Joshua Ngugi,joshua.ngugi@example.com,Meru,2025/2/2
927,Jennifer Ndirangu,jennifer.ndirangu@example.com,Kisii,2025/5/22
928,Lucy Kosgey,lucy.kosgey@example.com,Isiolo,2021/11/10
929,Dorcas Wanjohi,dorcas.wanjohi@example.com,Naivasha,2024/9/2
930,Victoria Mwangi,victoria.mwangi@example.com,Kericho,2022/5/20
931,Fridah Moraa,fridah.moraa@example.com,Thika,2020/12/12
932,Faith Ngetich,faith.ngetich@example.com,Busia,2023/7/6
933,Mabel Okoth,mabel.okoth@example.com,Meru,2024/8/2
934,Waceke Ndirangu,waceke.ndirangu@example.com,Garissa,2022/8/1
935,Nyambura Okello,nyambura.okello@example.com,Kakamega,2020/9/28
936,Benjamin Ruto,benjamin.ruto@example.com,Nairobi,2024/6/29
937,Janet Ruto,janet.ruto@example.com,Kisumu,2021/5/7
938,Charity Were,charity.were@example.com,Voi,2024/6/24
939,Samantha Gachara,samantha.gachara@example.com,Garissa,2021/7/25
940,Charles Otieno,charles.otieno@example.com,Kisumu,2025/2/5
941,Abdul Amadi,abdul.amadi@example.com,Isiolo,2021/2/23
942,Dennis Kagwe,dennis.kagwe@example.com,Nakuru,2022/3/1
943,Lydia Ouma,lydia.ouma@example.com,Kakamega,2023/4/16
944,Brian Amadi,brian.amadi@example.com,Machakos,2022/3/17
945,Njeri Gachara,njeri.gachara@example.com,Embu,2021/1/3
946,Kevin Omondi,kevin.omondi@example.com,Nakuru,2025/4/15
947,John Ndwiga,john.ndwiga@example.com,Thika,2025/8/18
948,Vanessa Koech,vanessa.koech@example.com,Mombasa,2025/7/4
949,Wanjiku Ndungu,wanjiku.ndungu@example.com,Machakos,2022/9/30
950,Mabel Cherono,mabel.cherono@example.com,Nyeri,2023/2/12
951,Catherine Kiprono,catherine.kiprono@example.com,Nakuru,2021/4/5
952,Elijah Moraa,elijah.moraa@example.com,Mombasa,2020/10/12
953,Lydia Kagiri,lydia.kagiri@example.com,Eldoret,2024/6/12
954,Betty Mutua,betty.mutua@example.com,Thika,2022/7/28
955,Lois Ndungu,lois.ndungu@example.com,Naivasha,2023/3/8
956,Achieng Ndwiga,achieng.ndwiga@example.com,Narok,2022/3/26
957,Keziah Oloo,keziah.oloo@example.com,Kisumu,2022/10/26
958,Nyambura Ndwiga,nyambura.ndwiga@example.com,Nyeri,2021/10/2
959,Lydia Gitonga,lydia.gitonga@example.com,Nakuru,2022/12/22
960,Mabel Kimani,mabel.kimani@example.com,Kitale,2023/4/15
961,Eric Kihara,eric.kihara@example.com,Kisii,2025/5/31
962,Cynthia Ndirangu,cynthia.ndirangu@example.com,Kitale,2024/8/5
963,Adan Nduta,adan.nduta@example.com,Garissa,2025/3/19
964,Wanjiru Kagiri,wanjiru.kagiri@example.com,Kericho,2024/5/13
965,Maureen Mutiso,maureen.mutiso@example.com,Thika,2021/5/12
966,Sylvia Oduor,sylvia.oduor@example.com,Eldoret,2024/8/18
967,Michael Gachara,michael.gachara@example.com,Mombasa,2025/6/18
968,Aisha Tanui,aisha.tanui@example.com,Thika,2021/4/23
969,Gabriel Mboya,gabriel.mboya@example.com,Kericho,2024/1/15
970,Jessica Mbugua,jessica.mbugua@example.com,Garissa,2025/3/24
971,George Ruto,george.ruto@example.com,Voi,2024/7/13
972,Lawrence Sang,lawrence.sang@example.com,Embu,2021/9/29
973,Susan Okello,susan.okello@example.com,Narok,2022/11/9
974,Victoria Mboya,victoria.mboya@example.com,Naivasha,2024/2/27
975,Andrew Omondi,andrew.omondi@example.com,Nairobi,2025/7/25
976,Benjamin Oyugi,benjamin.oyugi@example.com,Eldoret,2023/6/9
977,Winnie Owino,winnie.owino@example.com,Garissa,2021/5/12
978,David Kihiu,david.kihiu@example.com,Kericho,2023/3/14
979,Wanjiru Mboya,wanjiru.mboya@example.com,Mombasa,2021/1/30
980,Nyambura Mutiso,nyambura.mutiso@example.com,Kisii,2024/5/26
981,Maureen Karanja,maureen.karanja@example.com,Nyeri,2020/10/18
982,Fridah Tanui,fridah.tanui@example.com,Isiolo,2025/1/11
983,Bernice Otieno,bernice.otieno@example.com,Voi,2024/10/14
984,George Ngetich,george.ngetich@example.com,Voi,2021/12/25
985,Vanessa Chege,vanessa.chege@example.com,Nyeri,2023/8/22
986,Catherine Waweru,catherine.waweru@example.com,Isiolo,2024/8/2
987,Theresa Ngugi,theresa.ngugi@example.com,Narok,2021/4/6
988,Sharon Kosgey,sharon.kosgey@example.com,Kericho,2024/6/9
989,Agnes Kipkemboi,agnes.kipkemboi@example.com,Kakamega,2023/6/6
990,Jennifer Ngetich,jennifer.ngetich@example.com,Naivasha,2024/6/13
991,Mercy Ndwiga,mercy.ndwiga@example.com,Kitale,2021/7/24
992,Beatrice Waweru,beatrice.waweru@example.com,Busia,2024/3/1
993,Keziah Ndirangu,keziah.ndirangu@example.com,Mombasa,2020/10/16
994,Betty Mutiso,betty.mutiso@example.com,Thika,2023/7/25
995,Miriam Mbugua,miriam.mbugua@example.com,Garissa,2025/7/3
996,Janet Ndwiga,janet.ndwiga@example.com,Garissa,2025/8/8
997,James Wanjohi,james.wanjohi@example.com,Thika,2021/2/23
998,Eunice Wekesa,eunice.wekesa@example.com,Garissa,2022/7/11
999,Agnes Gichuki,agnes.gichuki@example.com,Kakamega,2022/8/1
1000,Mercy Omollo,mercy.omollo@example.com,Kisii,2021/1/4
